{
  "id":"LitaFrutas",
  "titulo":"Lita y frutas",
  "enunciado":"Lita tiene que agarrar todas las frutas",
  "consignaInicial":"Usa if pls",
  "escena": "ElMonoQueSabeContar",
  "grid": ["[-,-,-,-,-,-,-,-,-],[pcosodefrutas,-,otl,ou,ou,ou,otr,-,-],[aL,pcosodefrutas,ol,oa,oa,oa,or,-,-],[-,-,old,od,od,od,ord,-,-],[pcosodefrutas,-,-,-,-,-,-,-,-]","[pcosodefrutas,-,-,-,-,-,-,-,-],[pcosodefrutas,-,otl,ou,ou,ou,otr,-,-],[aL,-,ol,oa,oa,oa,or,-,-],[-,-,old,od,od,od,ord,-,-],[-,-,-,-,-,-,-,-,-]"],
  "blocks": [
    { "name": "MoverACasillaAbajo" },
    { "name": "MoverACasillaArriba" },
    { "name": "MoverACasillaIzquierda" },
    { "name": "MoverACasillaDerecha" },
    { "name": "ContarManzana" },
    { "name": "ContarBanana" },
    { "name": "Si"},
    { "name" : "SiguienteColumna"},
    { "name" : "Hasta"},
    { "name": "EstoySobreElInicio"}, 
    { "name": "EstoySobreElFinal" },
    {
      "type": "action",
      "name": "Recoger por etiqueta",
      "description": "Contar fruta",
      "interactsWith": "Prize"
    },
    {
      "type": "sensor",
      "description": "Hay frutinha acá",
      "icono": "icono.manzana.png",
      "funcionSensor": "tocando('ManzanaAnimada') || pilas.escena_actual().automata.tocando('BananaAnimada')",
      "esBool": true
    }
  ]
}
